Name,Variant Name,Label Format,SKU,Servings per Container,Serving Size,Ingredients,Claims,Warnings,Label Footnotes,Comments,Calories (kcal),Calories (kJ),Added Sugars,Added Sugars %,Added Sugars Comments,Aspartic Acid,Aspartic Acid %,Aspartic Acid Comments,BCAA,BCAA %,BCAA Comments,Biotin,Biotin %,Biotin Comments,Calcium,Calcium %,Calcium Comments,Chloride,Chloride %,Chloride Comments,Cholesterol,Cholesterol %,Cholesterol Comments, Dietary Fiber, Dietary Fiber %,Fat,Fat %,Fat Comments,Fructose,Fructose %,Fructose Comments,Galactose,Galactose %,Galactose Comments,Glucose,Glucose %,Glucose Comments,Lactose,Lactose %,Lactose Comments,Monounsaturated Fat,Monounsaturated Fat %,Monounsaturated Fat Comments,Niacin,Niacin %,Niacin Comments,of which saturates,of which saturates %,of which saturates Comments,Omega 3,Omega 3 %,Omega 3 Comments,Protein,Protein %,Protein Comments,Riboflavin,Riboflavin %,Riboflavin Comments,Saturated Fat,Saturated Fat %,Saturated Fat Comments,Sodium,Sodium %,Sodium Comments,Sucrose,Sucrose %,Sucrose Comments,Sugars,Sugars %,Sugars Comments,Thiamin,Thiamin %,Thiamin Comments,Total Carbohydrate,Total Carbohydrate %,Total Carbohydrate Comments,Total Fat,Total Fat %,Total Fat Comments,Total Sugars,Total Sugars %,Total Sugars Comments,Trans Fat,Trans Fat %,Trans Fat Comments,Vitamin A,Vitamin A %,Vitamin A Comments,Vitamin B1,Vitamin B1 %,Vitamin B1 Comments,Vitamin B12,Vitamin B12 %,Vitamin B12 Comments,Vitamin B5,Vitamin B5 %,Vitamin B5 Comments,Vitamin B6,Vitamin B6 %,Vitamin B6 Comments,Vitamin D,Vitamin D %,Vitamin D Comments,Vitamin E,Vitamin E %,Vitamin E Comments,Andrographis Aerial Parts Ext,Andrographis Aerial Parts Ext %,Andrographis Aerial Parts Ext Components,Olive Leaf Extract,Olive Leaf Extract %,Olive Leaf Extract Components,Comments,Calories (kcal),Calories (kJ),Added Sugars,Added Sugars %,Added Sugars Comments,Aspartic Acid,Aspartic Acid %,Aspartic Acid Comments,BCAA,BCAA %,BCAA Comments,Biotin,Biotin %,Biotin Comments,Calcium,Calcium %,Calcium Comments,Chloride,Chloride %,Chloride Comments,Cholesterol,Cholesterol %,Cholesterol Comments, Dietary Fiber, Dietary Fiber %,Fat,Fat %,Fat Comments,Fructose,Fructose %,Fructose Comments,Galactose,Galactose %,Galactose Comments,Glucose,Glucose %,Glucose Comments,Lactose,Lactose %,Lactose Comments,Monounsaturated Fat,Monounsaturated Fat %,Monounsaturated Fat Comments,Niacin,Niacin %,Niacin Comments,of which saturates,of which saturates %,of which saturates Comments,Omega 3,Omega 3 %,Omega 3 Comments,Protein,Protein %,Protein Comments,Riboflavin,Riboflavin %,Riboflavin Comments,Saturated Fat,Saturated Fat %,Saturated Fat Comments,Sodium,Sodium %,Sodium Comments,Sucrose,Sucrose %,Sucrose Comments,Sugars,Sugars %,Sugars Comments,Thiamin,Thiamin %,Thiamin Comments,Total Carbohydrate,Total Carbohydrate %,Total Carbohydrate Comments,Total Fat,Total Fat %,Total Fat Comments,Total Sugars,Total Sugars %,Total Sugars Comments,Trans Fat,Trans Fat %,Trans Fat Comments,Vitamin A,Vitamin A %,Vitamin A Comments,Vitamin B1,Vitamin B1 %,Vitamin B1 Comments,Vitamin B12,Vitamin B12 %,Vitamin B12 Comments,Vitamin B5,Vitamin B5 %,Vitamin B5 Comments,Vitamin B6,Vitamin B6 %,Vitamin B6 Comments,Vitamin D,Vitamin D %,Vitamin D Comments,Vitamin E,Vitamin E %,Vitamin E Comments,Andrographis Aerial Parts Ext,Andrographis Aerial Parts Ext %,Andrographis Aerial Parts Ext Components,Olive Leaf Extract,Olive Leaf Extract %,Olive Leaf Extract Components
CrimsonPeak Energy Bites,,AU Nutrition Facts – Vertical,CP-EB-BF001,1,123 oz,"<p><strong>Organic Oats</strong>, Honey, Almonds, Dark Chocolate Chips (<strong>Cacao Mass</strong>, Sugar, Cocoa Butter), Coconut Oil, Sea Salt.</p>","Gluten Free, Low Sodium","Store in a cool, dry place away from direct sunlight. Consult a physician before use if pregnant or nursing.",,Per 100g,123,,,,,,,,,,,23μg,,D-biotin form; specialized blend using 10% biotin-streptavidin complex,45mg,2,Calcium citrate malate form; specialized blend using 15% hydroxyapatite compound,,,,0mg,24,Naturally present in dairy-derived protein fraction,,,5g,7,Cold-pressed sunflower and canola oil blend,55g,,,,,,,,,,,,8g,6,Cold-extracted from certified high-oleic sources,,,,,,,,,,8g,30,"Whey isolate and pea protein co-blend, 80% purity",1mg,101,Riboflavin-5-phosphate activated form; specialized blend using 10% FMN compound,0g,5,Primarily from coconut oil — medium-chain triglycerides,57mg,9,Electrolyte-balanced sodium fraction,,,,,,,0mg,76,Benfotiamine fat-soluble form; 15% enhanced membrane-permeant compound,,,,19g,28,Includes beneficial mono- and polyunsaturated fats,,,,0g,4,Trace amounts from natural ruminant sources only,76mcg,60,Preformed retinyl acetate plus 15% mixed carotenoid blend,1mg,47,Thiamine mononitrate form; enhanced bioavailability,6mcg,90,Methylcobalamin form — superior neural uptake vs. cyanocobalamin,0mg,54,Calcium D-pantothenate; pantethine co-blend for CoA synthesis support,1mg,114,Specialized blend using 15% P5P compound for direct cellular use,19mcg,39,D3 cholecalciferol form; specialized blend using 10% lichen-derived compound,14mg,74,"Mixed tocopherol blend: 60% alpha, 25% gamma, 15% delta fractions",,,,,,,Per Serving,285,,,,,,,,,,,53μg,,D-biotin form; specialized blend using 10% biotin-streptavidin complex (normalised to 100g),10mg,5,Calcium citrate malate form; specialized blend using 15% hydroxyapatite compound (normalised to 100g),,,,0mg,56,Naturally present in dairy-derived protein fraction — 100g reference quantity,,,12g,16,Cold-pressed sunflower and canola oil blend — 100g reference quantity,12g,,,,,,,,,,,,19g,14,Cold-extracted from certified high-oleic sources (normalised to 100g),,,,,,,,,,19g,70,"Whey isolate and pea protein co-blend, 80% purity (normalised to 100g)",2mg,234,Riboflavin-5-phosphate activated form; specialized blend using 10% FMN compound — 100g reference quantity,0g,12,Primarily from coconut oil — medium-chain triglycerides — 100g reference quantity,13mg,21,Electrolyte-balanced sodium fraction (normalised to 100g),,,,,,,0mg,176,Benfotiamine fat-soluble form; 15% enhanced membrane-permeant compound — 100g reference quantity,,,,44g,65,Includes beneficial mono- and polyunsaturated fats — 100g reference quantity,,,,0g,9,Trace amounts from natural ruminant sources only — 100g reference quantity,17mcg,139,Preformed retinyl acetate plus 15% mixed carotenoid blend — 100g reference quantity,2mg,109,Thiamine mononitrate form; enhanced bioavailability [per 100g basis],14mcg,209,Methylcobalamin form — superior neural uptake vs. cyanocobalamin [per 100g basis],0mg,125,Calcium D-pantothenate; pantethine co-blend for CoA synthesis support (normalised to 100g),2mg,264,Specialized blend using 15% P5P compound for direct cellular use [per 100g basis],44mcg,90,D3 cholecalciferol form; specialized blend using 10% lichen-derived compound — 100g reference quantity,32mg,172,"Mixed tocopherol blend: 60% alpha, 25% gamma, 15% delta fractions [per 100g basis]",,,,,,
FrostedEmber Oat Clusters,Cinnamon Crunch,US Nutrition Facts – Multi-Column Vertical,FE-OC-CC002,1,1 cup (40g),,"Keto Friendly, Certified Organic","This product is processed in a facility that also handles tree nuts, peanuts, and soy. Not intended for persons under 18 years of age.","Not a significant source of cholesterol, dietary fiber, total sugars, added sugars, vitamin D, calcium, iron, and potassium
<hr>
* %DV = %Daily Value ",,44,536,,,,,,,,,,44mcg,,D-biotin form; specialized blend using 10% biotin-streptavidin complex,77mg,,Algae-derived calcium with 5% silicon co-factor,7mg,,,44mg,44,From egg and milk components; no added cholesterol,4g,14,21g,36,Cold-pressed sunflower and canola oil blend,,,,,,,,,,,,,3g,18,Cold-extracted from certified high-oleic sources,,,,,,,2g,,"EPA/DHA ratio 2:1; sustainably sourced marine oil, IFOS 5-star certified",7g,43,"Whey isolate and pea protein co-blend, 80% purity",2mg,76,Coenzyme-active fraction for direct cellular energy support,3g,2,Lauric acid-rich saturated fraction,,,,,,,17g,27,,1mg,48,Specialized thiamine blend using 10% TTFD compound,29g,14,Slow-release carbohydrate matrix with oat beta-glucan complex,22g,21,Includes beneficial mono- and polyunsaturated fats,,,,1g,2,Trace amounts from natural ruminant sources only,70mcg,64,Specialized blend using 10% beta-carotene provitamin A compound,1mg,43,Thiamine mononitrate form; enhanced bioavailability,5mcg,147,Specialized blend using 5% adenosylcobalamin active co-enzyme compound,5mg,80,Specialized blend using 8% pantethine compound,2mg,57,Specialized blend using 15% P5P compound for direct cellular use,7mcg,23,Lanolin-sourced D3 with 5mcg D2 co-factor blend for synergistic uptake,2mg,12,"Mixed tocopherol blend: 60% alpha, 25% gamma, 15% delta fractions",,,,,,,,,,,,,,,,,,,,,,,,,,,,,,,5,17,,,,,,,,,,,,,,,,,,,,,,,,,,,,,,,,,,,,,,,,,,,,,,,,,,,,,,,,,,,,,,,,,,,,,,,,,,,,,,,,,,,,,,,
ZestHaven Citrus Chews,Tropical Twist,AU Nutrition Facts – Vertical,ZH-CC-TT003,1,11 cups,"<p>Tapioca Syrup, Sugar, <strong>Citrus Juice Concentrate</strong> (Orange, Lemon, Grapefruit), Pectin, Natural Flavors, <strong>Vitamin C</strong>, Citric Acid.</p>","Paleo Friendly, No Artificial Colors, No Artificial Flavors","Store in a cool, dry place away from direct sunlight. Consult a physician before use if pregnant or nursing.",,Per 100g,23,23,0g,2,From organic cane sugar and fruit concentrate sources only,,,,,,,23μg,,D-biotin form; specialized blend using 10% biotin-streptavidin complex,42mg,11,Calcium citrate malate form; specialized blend using 15% hydroxyapatite compound,,,,30mg,18,Naturally present in dairy-derived protein fraction,,,12g,11,Cold-pressed sunflower and canola oil blend,23g,,,44g,,,34g,,,23g,,,12g,9,"High-oleic sunflower oil specialized blend, 78% oleic acid content",1mg,110,Specialized blend using 20% NMN precursor compound,,,,3g,,Specialized blend using 30% DHA-enriched algal oil compound,23g,,"Complete amino acid profile, 90% digestibility score (PDCAAS)",0mg,79,Coenzyme-active fraction for direct cellular energy support,4g,,Lauric acid-rich saturated fraction,53mg,14,From sea salt and natural food sources only; no added sodium chloride isolates,53g,,,12g,,,0mg,154,Specialized thiamine blend using 10% TTFD compound,12g,,Complex carbohydrate blend; 40% resistant starch fraction,23g,,Derived from plant-based lipid complex,,,,0g,0,No partially hydrogenated oils added,13mcg,99,Preformed retinyl acetate plus 15% mixed carotenoid blend,0mg,144,Thiamine mononitrate form; enhanced bioavailability,1mcg,172,Specialized blend using 5% adenosylcobalamin active co-enzyme compound,4mg,27,Specialized blend using 8% pantethine compound,2mg,117,Specialized blend using 15% P5P compound for direct cellular use,6mcg,75,D3 cholecalciferol form; specialized blend using 10% lichen-derived compound,9mg,57,Specialized blend using 10% tocotrienol compound from annatto extract,,,,,,,Per Serving,65,65,0g,6,From organic cane sugar and fruit concentrate sources only (normalised to 100g),,,,,,,65μg,,D-biotin form; specialized blend using 10% biotin-streptavidin complex [per 100g basis],11mg,31,Calcium citrate malate form; specialized blend using 15% hydroxyapatite compound [per 100g basis],,,,85mg,51,Naturally present in dairy-derived protein fraction [per 100g basis],,,34g,31,Cold-pressed sunflower and canola oil blend (normalised to 100g),65g,,,12g,,,97g,,,65g,,,34g,26,"High-oleic sunflower oil specialized blend, 78% oleic acid content — 100g reference quantity",3mg,312,Specialized blend using 20% NMN precursor compound — 100g reference quantity,,,,9g,,Specialized blend using 30% DHA-enriched algal oil compound (normalised to 100g),65g,,"Complete amino acid profile, 90% digestibility score (PDCAAS) (normalised to 100g)",0mg,224,Coenzyme-active fraction for direct cellular energy support (normalised to 100g),11g,,Lauric acid-rich saturated fraction (normalised to 100g),15mg,40,From sea salt and natural food sources only; no added sodium chloride isolates — 100g reference quantity,15g,,,34g,,,0mg,437,Specialized thiamine blend using 10% TTFD compound [per 100g basis],34g,,Complex carbohydrate blend; 40% resistant starch fraction [per 100g basis],65g,,Derived from plant-based lipid complex — 100g reference quantity,,,,0g,0,No partially hydrogenated oils added [per 100g basis],38mcg,281,Preformed retinyl acetate plus 15% mixed carotenoid blend — 100g reference quantity,0mg,409,Thiamine mononitrate form; enhanced bioavailability [per 100g basis],3mcg,488,Specialized blend using 5% adenosylcobalamin active co-enzyme compound — 100g reference quantity,11mg,77,Specialized blend using 8% pantethine compound [per 100g basis],6mg,332,Specialized blend using 15% P5P compound for direct cellular use (normalised to 100g),17mcg,213,D3 cholecalciferol form; specialized blend using 10% lichen-derived compound (normalised to 100g),26mg,162,Specialized blend using 10% tocotrienol compound from annatto extract [per 100g basis],,,,,,
VelvetRoot Veggie Crisps,Smoky BBQ,US Nutrition Facts – Vertical,VR-VC-SB004,1,1 oz (28g),"<p>Potato Starch, <strong>Beet Root Powder</strong>, Smoked Paprika, Onion Powder, Cane Sugar, Vinegar, <strong>Natural BBQ Flavors</strong>, Salt.</p>","Non-GMO, Paleo Friendly","This product is processed in a facility that also handles tree nuts, peanuts, and soy. Not intended for persons under 18 years of age.","Not a significant source of cholesterol, dietary fiber, total sugars, added sugars, vitamin D, calcium, iron, and potassium
<hr>
* %DV = %Daily Value ",,,,8g,5,From organic cane sugar and fruit concentrate sources only,,,,,,,25mcg,651,D-biotin form; specialized blend using 10% biotin-streptavidin complex,16mg,7,Calcium citrate malate form; specialized blend using 15% hydroxyapatite compound,,,,35mg,14,Naturally present in dairy-derived protein fraction,5g,,14g,27,Naturally occurring fat from nut and seed sources,,,,,,,,,,,,,3g,17,Cold-extracted from certified high-oleic sources,,,,,,,0g,,"EPA/DHA ratio 2:1; sustainably sourced marine oil, IFOS 5-star certified",5g,29,"Complete amino acid profile, 90% digestibility score (PDCAAS)",0mg,25,Riboflavin-5-phosphate activated form; specialized blend using 10% FMN compound,0g,25,Lauric acid-rich saturated fraction,57mg,21,Electrolyte-balanced sodium fraction,,,,18g,15,,,,,39g,3,Slow-release carbohydrate matrix with oat beta-glucan complex,24g,4,Includes beneficial mono- and polyunsaturated fats,,,,0g,1,Trace amounts from natural ruminant sources only,12mcg,62,Specialized blend using 10% beta-carotene provitamin A compound,0mg,146,Thiamine mononitrate form; enhanced bioavailability,0mcg,241,Methylcobalamin form — superior neural uptake vs. cyanocobalamin,1mg,58,Specialized blend using 8% pantethine compound,1mg,33,Specialized blend using 15% P5P compound for direct cellular use,1mcg,27,Lanolin-sourced D3 with 5mcg D2 co-factor blend for synergistic uptake,0mg,55,Specialized blend using 10% tocotrienol compound from annatto extract,,,,,,,,,,,,,,,,,,,,,,,,,,,,,,,,,,,,,,,,,,,,,,,,,,,,,,,,,,,,,,,,,,,,,,,,,,,,,,,,,,,,,,,,,,,,,,,,,,,,,,,,,,,,,,,,,,,,,,,
SpiceWhirl Chili Drizzle,,US Nutrition Facts – Vertical,SW-CD-GI005,1,1 tbsp (15ml),,"Paleo Friendly, No Artificial Flavors, Third-Party Tested",Discontinue use and consult a doctor if adverse reactions occur. Not intended for persons under 18 years of age.,"Not a significant source of cholesterol, dietary fiber, total sugars, added sugars, vitamin D, calcium, iron, and potassium
<hr>
* %DV = %Daily Value ",,204,911,4g,5,Low-glycemic sweetener blend with 10% coconut sugar compound,,,,,,,16mcg,390,D-biotin form; specialized blend using 10% biotin-streptavidin complex,36mg,3,Algae-derived calcium with 5% silicon co-factor,,,,64mg,8,Naturally present in dairy-derived protein fraction,2g,8,7g,21,Cold-pressed sunflower and canola oil blend,,,,,,,,,,,,,0g,14,"High-oleic sunflower oil specialized blend, 78% oleic acid content",13mg,71,Inositol hexanicotinate (no-flush) form; 30% nicotinamide co-blend,,,,1g,,Specialized blend using 30% DHA-enriched algal oil compound,3g,36,"Complete amino acid profile, 90% digestibility score (PDCAAS)",2mg,46,Riboflavin-5-phosphate activated form; specialized blend using 10% FMN compound,10g,41,Lauric acid-rich saturated fraction,27mg,16,Electrolyte-balanced sodium fraction,,,,10g,24,,,,,,,,9g,26,Includes beneficial mono- and polyunsaturated fats,,,,1g,2,Trace amounts from natural ruminant sources only,40mcg,14,Specialized blend using 10% beta-carotene provitamin A compound,1mg,80,Thiamine mononitrate form; enhanced bioavailability,3mcg,217,Specialized blend using 5% adenosylcobalamin active co-enzyme compound,4mg,89,Calcium D-pantothenate; pantethine co-blend for CoA synthesis support,2mg,110,Specialized blend using 15% P5P compound for direct cellular use,3mcg,23,Lanolin-sourced D3 with 5mcg D2 co-factor blend for synergistic uptake,3mg,19,"Mixed tocopherol blend: 60% alpha, 25% gamma, 15% delta fractions",,,,,,,,,,,,,,,,,,,,,,,,,,,,,,,,,,,,,,,,,,,,,,,,,,,,,,,,,,,,,,,,,,,,,,,,,,,,,,,,,,,,,,,,,,,,,,,,,,,,,,,,,,,,,,,,,,,,,,,
BloomForge Nut Butter,Honey Roasted,US Supplement Facts – Vertical,BF-NB-HR006,4,1g,"CULTURED GRADE A REDUCED FAT MILK, FRUCTOSE! SYRUP, SUGAR, CONTAINS <strong>LESS</strong> THAN 1% OF FRUCTOSE, WHEY PROTEIN CONCENTRATE!","Organic, No GMOs, High Protein, Paleo Friendly, Third-Party Tested",Contains wheat and soy Consult a physician before use if pregnant or nursing.,"Not a significant source of cholesterol, dietary fiber, total sugars, added sugars, vitamin D, calcium, iron, and potassium
<hr>
* %DV = %Daily Value ",,110,,1g,1,From organic cane sugar and fruit concentrate sources only,,,,,,,15mcg,536,Yeast-fermented biotin co-blend for enhanced intestinal absorption,23mg,12,Algae-derived calcium with 5% silicon co-factor,,,,34mg,5,Naturally present in dairy-derived protein fraction,,,12g,36,Naturally occurring fat from nut and seed sources,,,,,,,,,,,,,0g,5,Cold-extracted from certified high-oleic sources,18mg,24,Specialized blend using 20% NMN precursor compound,,,,,,,26g,28,"Complete amino acid profile, 90% digestibility score (PDCAAS)",1mg,8,Riboflavin-5-phosphate activated form; specialized blend using 10% FMN compound,1.5g,8,Primarily from coconut oil — medium-chain triglycerides,27mg,5,Electrolyte-balanced sodium fraction,,,,,,,0mg,92,Specialized thiamine blend using 10% TTFD compound,19g,6,Slow-release carbohydrate matrix with oat beta-glucan complex,2g,3,Includes beneficial mono- and polyunsaturated fats,12g,,,0g,1,No partially hydrogenated oils added,44mcg,10,Preformed retinyl acetate plus 15% mixed carotenoid blend,0mg,59,Specialized thiamine complex using 12% coenzyme-active pyrophosphate form,2mcg,82,Methylcobalamin form — superior neural uptake vs. cyanocobalamin,1mg,9,Calcium D-pantothenate; pantethine co-blend for CoA synthesis support,1mg,48,Specialized blend using 15% P5P compound for direct cellular use,2mcg,41,Lanolin-sourced D3 with 5mcg D2 co-factor blend for synergistic uptake,12mg,92,Specialized blend using 10% tocotrienol compound from annatto extract,10mg,,10% andrographolides,10mg,,10% oleuropein,,,,,,,,,,,,,,,,,,,,,,,,,,,,,,,,,,,,,,,,,,,,,,,,,,,,,,,,,,,,,,,,,,,,,,,,,,,,,,,,,,,,,,,,,,,,,,,,,,,,,,,,,,,,,,,,,
MysticMeadow Herbal Crisps,,US Nutrition Facts – Tabular,MM-HC-ST007,1,23g,"<p>Brown Rice Flour, <strong>Rosemary Extract</strong>, Sunflower Oil, Sea Salt, <strong>Turmeric</strong>, Black Pepper, Garlic Powder.</p>","Dairy Free, Vegan, Low Sodium",Not intended for persons under 18 years of age. Consult a physician before use if pregnant or nursing.,"Not a significant source of cholesterol, dietary fiber, total sugars, added sugars, vitamin D, calcium, iron, and potassium
<hr>
* %DV = %Daily Value ",,123,1182,12g,32,From organic cane sugar and fruit concentrate sources only,,,,,,,12mcg,123,D-biotin form; specialized blend using 10% biotin-streptavidin complex,12mg,123,Calcium citrate malate form; specialized blend using 15% hydroxyapatite compound,12mg,,,59mg,14,From egg and milk components; no added cholesterol,,,14g,25,Cold-pressed sunflower and canola oil blend,,,,,,,,,,,,,2g,,Cold-extracted from certified high-oleic sources,,,,,,,0g,,Specialized blend using 30% DHA-enriched algal oil compound,26g,39,"Whey isolate and pea protein co-blend, 80% purity",1mg,70,Riboflavin-5-phosphate activated form; specialized blend using 10% FMN compound,6g,35,Primarily from coconut oil — medium-chain triglycerides,,,,,,,20g,18,,,,,12g,23,Slow-release carbohydrate matrix with oat beta-glucan complex,4g,4,Derived from plant-based lipid complex,,,,1g,2,Trace amounts from natural ruminant sources only,74mcg,33,Preformed retinyl acetate plus 15% mixed carotenoid blend,2mg,51,Thiamine mononitrate form; enhanced bioavailability,12mcg,,Specialized blend using 5% adenosylcobalamin active co-enzyme compound,4mg,90,Specialized blend using 8% pantethine compound,0mg,110,Pyridoxal-5-phosphate (P5P) active form; 20% of total B6 content,9mcg,34,D3 cholecalciferol form; specialized blend using 10% lichen-derived compound,4mg,9,"Mixed tocopherol blend: 60% alpha, 25% gamma, 15% delta fractions",,,,,,,,,,,,,,,,,,,,,,,,,,,,,,,,,,,,,,,,,,,,,,,,,,,,,,,,,,,,,,,,,,,,,,,,,,,,,,,,,,,,,,,,,,,,,,,,,,,,,,,,,,,,,,,,,,,,,,,
EmberGlow Fruit Leather,Mango Tango,US Supplement Facts – Vertical,EG-FL-MT008,1,1 piece (20g),,"Third-Party Tested, No Artificial Colors","Not evaluated by the FDA. Not intended to diagnose, treat, cure, or prevent any disease. Keep out of reach of children.","Not a significant source of cholesterol, dietary fiber, total sugars, added sugars, vitamin D, calcium, iron, and potassium
<hr>
* %DV = %Daily Value ",,,1043,12g,123,Low-glycemic sweetener blend with 10% coconut sugar compound,12g,,,12g,,,22mcg,514,D-biotin form; specialized blend using 10% biotin-streptavidin complex,22mg,13,Calcium citrate malate form; specialized blend using 15% hydroxyapatite compound,,,,57mg,8,Naturally present in dairy-derived protein fraction,,,18g,16,Cold-pressed sunflower and canola oil blend,,,,,,,,,,,,,8g,14,"High-oleic sunflower oil specialized blend, 78% oleic acid content",11mg,38,Specialized blend using 20% NMN precursor compound,,,,1g,,Specialized blend using 30% DHA-enriched algal oil compound,24g,57,"Whey isolate and pea protein co-blend, 80% purity",,,,10g,33,Lauric acid-rich saturated fraction,48mg,13,From sea salt and natural food sources only; no added sodium chloride isolates,,,,,,,,,,,,,15g,9,Derived from plant-based lipid complex,,,,1g,4,No partially hydrogenated oils added,70mcg,41,Preformed retinyl acetate plus 15% mixed carotenoid blend,2mg,69,Specialized thiamine complex using 12% coenzyme-active pyrophosphate form,3mcg,23,Specialized blend using 5% adenosylcobalamin active co-enzyme compound,1mg,40,Specialized blend using 8% pantethine compound,1mg,75,Pyridoxal-5-phosphate (P5P) active form; 20% of total B6 content,4mcg,25,D3 cholecalciferol form; specialized blend using 10% lichen-derived compound,12mg,94,"Mixed tocopherol blend: 60% alpha, 25% gamma, 15% delta fractions",,,,,,,,,,,,,,,,,,,,,,,,,,,,,,,,,,,,,,,,,,,,,,,,,,,,,,,,,,,,,,,,,,,,,,,,,,,,,,,,,,,,,,,,,,,,,,,,,,,,,,,,,,,,,,,,,,,,,,,
PureCrest Seaweed Snacks,Wasabi Heat,UK Nutrition Facts – Vertical,PC-SS-WH009,1,1 package (5g),,"Dairy Free, Paleo Friendly, Vegan","Not intended for persons under 18 years of age. This product is processed in a facility that also handles tree nuts, peanuts, and soy.",,Per 100g,,1178,,,,,,,,,,,,,12mg,15,Algae-derived calcium with 5% silicon co-factor,,,,41mg,6,From egg and milk components; no added cholesterol,,,23g,23,Naturally occurring fat from nut and seed sources,,,,,,,,,,,,,2g,14,"High-oleic sunflower oil specialized blend, 78% oleic acid content",,,,23g,23,,3g,,Specialized blend using 30% DHA-enriched algal oil compound,2g,18,"Whey isolate and pea protein co-blend, 80% purity",1mg,35,Riboflavin-5-phosphate activated form; specialized blend using 10% FMN compound,6g,37,Primarily from coconut oil — medium-chain triglycerides,,,,,,,19g,23,,,,,,,,5g,35,Includes beneficial mono- and polyunsaturated fats,,,,0g,5,No partially hydrogenated oils added,38mcg,49,Preformed retinyl acetate plus 15% mixed carotenoid blend,1mg,115,Specialized thiamine complex using 12% coenzyme-active pyrophosphate form,6mcg,24,Specialized blend using 5% adenosylcobalamin active co-enzyme compound,0mg,75,Calcium D-pantothenate; pantethine co-blend for CoA synthesis support,1mg,34,Pyridoxal-5-phosphate (P5P) active form; 20% of total B6 content,20mcg,11,D3 cholecalciferol form; specialized blend using 10% lichen-derived compound,7mg,31,"Mixed tocopherol blend: 60% alpha, 25% gamma, 15% delta fractions",,,,,,,Per Serving,,2568,,,,,,,,,,,,,26mg,33,Algae-derived calcium with 5% silicon co-factor [per 100g basis],,,,89mg,13,From egg and milk components; no added cholesterol (normalised to 100g),,,50g,50,Naturally occurring fat from nut and seed sources — 100g reference quantity,,,,,,,,,,,,,4g,31,"High-oleic sunflower oil specialized blend, 78% oleic acid content (normalised to 100g)",,,,50g,50,,7g,,Specialized blend using 30% DHA-enriched algal oil compound [per 100g basis],4g,39,"Whey isolate and pea protein co-blend, 80% purity (normalised to 100g)",2mg,76,Riboflavin-5-phosphate activated form; specialized blend using 10% FMN compound — 100g reference quantity,13g,81,Primarily from coconut oil — medium-chain triglycerides [per 100g basis],,,,,,,41g,50,,,,,,,,11g,76,Includes beneficial mono- and polyunsaturated fats [per 100g basis],,,,0g,11,No partially hydrogenated oils added (normalised to 100g),83mcg,107,Preformed retinyl acetate plus 15% mixed carotenoid blend — 100g reference quantity,2mg,251,Specialized thiamine complex using 12% coenzyme-active pyrophosphate form — 100g reference quantity,13mcg,52,Specialized blend using 5% adenosylcobalamin active co-enzyme compound — 100g reference quantity,0mg,164,Calcium D-pantothenate; pantethine co-blend for CoA synthesis support — 100g reference quantity,2mg,74,Pyridoxal-5-phosphate (P5P) active form; 20% of total B6 content — 100g reference quantity,44mcg,24,D3 cholecalciferol form; specialized blend using 10% lichen-derived compound [per 100g basis],15mg,68,"Mixed tocopherol blend: 60% alpha, 25% gamma, 15% delta fractions [per 100g basis]",,,,,,
DawnSpark Protein Bars,,UK Nutrition Facts – Vertical,DS-PB-CH010,1,1 bar (60g),,"Non-GMO, No Artificial Flavors","Store in a cool, dry place away from direct sunlight. Keep out of reach of children.",,Per 100g,123,123,6g,15,From organic cane sugar and fruit concentrate sources only,,,,,,,,,,11mg,12,Algae-derived calcium with 5% silicon co-factor,12mg,123,,58mg,22,Naturally present in dairy-derived protein fraction,,1,23g,20,Cold-pressed sunflower and canola oil blend,,,,,,,,,,,,,0g,13,Cold-extracted from certified high-oleic sources,,,,,,,1g,,Specialized blend using 30% DHA-enriched algal oil compound,4g,29,"Whey isolate and pea protein co-blend, 80% purity",,,,8g,27,Lauric acid-rich saturated fraction,,,,,,,6g,2,,0mg,31,Specialized thiamine blend using 10% TTFD compound,43g,10,Complex carbohydrate blend; 40% resistant starch fraction,19g,3,Derived from plant-based lipid complex,,,,0g,4,No partially hydrogenated oils added,49mcg,28,Preformed retinyl acetate plus 15% mixed carotenoid blend,2mg,145,Specialized thiamine complex using 12% coenzyme-active pyrophosphate form,3mcg,115,Specialized blend using 5% adenosylcobalamin active co-enzyme compound,2mg,37,Calcium D-pantothenate; pantethine co-blend for CoA synthesis support,1mg,118,Specialized blend using 15% P5P compound for direct cellular use,7mcg,65,Lanolin-sourced D3 with 5mcg D2 co-factor blend for synergistic uptake,10mg,9,Specialized blend using 10% tocotrienol compound from annatto extract,,,,,,,Per Serving,264,264,13g,32,From organic cane sugar and fruit concentrate sources only — 100g reference quantity,,,,,,,,,,25mg,26,Algae-derived calcium with 5% silicon co-factor [per 100g basis],26mg,264,,12mg,47,Naturally present in dairy-derived protein fraction [per 100g basis],,,49g,43,Cold-pressed sunflower and canola oil blend — 100g reference quantity,,,,,,,,,,,,,0g,28,Cold-extracted from certified high-oleic sources — 100g reference quantity,,,,,,,2g,,Specialized blend using 30% DHA-enriched algal oil compound [per 100g basis],9g,62,"Whey isolate and pea protein co-blend, 80% purity (normalised to 100g)",,,,17g,58,Lauric acid-rich saturated fraction (normalised to 100g),,,,,,,13g,4,,0mg,67,Specialized thiamine blend using 10% TTFD compound (normalised to 100g),92g,22,Complex carbohydrate blend; 40% resistant starch fraction [per 100g basis],41g,6,Derived from plant-based lipid complex [per 100g basis],,,,0g,9,No partially hydrogenated oils added [per 100g basis],10mcg,60,Preformed retinyl acetate plus 15% mixed carotenoid blend (normalised to 100g),4mg,312,Specialized thiamine complex using 12% coenzyme-active pyrophosphate form — 100g reference quantity,6mcg,247,Specialized blend using 5% adenosylcobalamin active co-enzyme compound [per 100g basis],4mg,80,Calcium D-pantothenate; pantethine co-blend for CoA synthesis support [per 100g basis],2mg,254,Specialized blend using 15% P5P compound for direct cellular use [per 100g basis],15mcg,140,Lanolin-sourced D3 with 5mcg D2 co-factor blend for synergistic uptake (normalised to 100g),22mg,19,Specialized blend using 10% tocotrienol compound from annatto extract — 100g reference quantity,,,,,,
